Ab,L,H,kD(nM)
S1,NIMMTQSPSCLTVSAGEKVTMSCKSSRSVLYSLSQKNYMAWYQQKPGQSPKLLIYWASSRDSGVPDRFTGSGSGTDFNLTITSVQTEDLAVYYCHQFLSSWTFGGGTKLEIK,EVQLVESGGGLVRPKGSLKLSCAASGFrFNLYAMNWVRQAPGKGLEWVARIRTKGYNYATYYADSVRGRFTISRDDSESMLYLQMSTLKSEDTAMYYCVSPSLSGAMDYWGQGTSVTVSS,3.9
S1H6,NIMMTQSPSCLTVSAGEKVTMSCKSSRSVLYSLSQKNYMAWYQQKPGQSPKLLIYWASSRDSGVPDRFTGSGSGTDFNLTITSVQTEDLAVYYCHQFLSSWTFGGGTKLEIK,EVQLVESGGGLVQPKGSLKLSCAASGFNFNNYAMNWVRQAPGKGLEWVARIRTKYYNSAAYYADSVKDRFTISRDDSEGMLYLQMNNLKTEDTAMYYCVSPSLSGAMDHWGQGTSVTVSS,0.6
S1H11,NIMMTQSPSCLTVSAGEKVTMSCKSSRSVLYSLSQKNYMAWYQQKPGQSPKLLIYWASSRDSGVPDRFTGSGSGTDFNLTITSVQTEDLAVYYCHQFLSSWTFGGGTKLEIK,EVQLVESGGGLVQPKGSLKLSCAASGFSFNNYAMDWVRQAPGKGLEWVARIRTKYYNSAAYYADSVKDRFTISRDDSEGMLYLQMNNLKTDDTAMYYCVRPSLSGAMDLWGQGTSVTVSS,1.1
S1H12,NIMMTQSPSCLTVSAGEKVTMSCKSSRSVLYSLSQKNYMAWYQQKPGQSPKLLIYWASSRDSGVPDRFTGSGSGTDFNLTITSVQTEDLAVYYCHQFLSSWTFGGGTKLEIK,EVQLVESGGGLVQPKGSLKLSCAASGFSFSNYAMDWVRQAPGKGLEWVARIRTKYYNSAAYYADSVKDRFTISRDDSEDMLYLQMNNLKTEDTAMYYCVRPSLSGAMDHWGQGTSVTVSS,1.1
S1H5,NIMMTQSPSCLTVSAGEKVTMSCKSSRSVLYSLSQKNYMAWYQQKPGQSPKLLIYWASSRDSGVPDRFTGSGSGTDFNLTITSVQTEDLAVYYCHQFLSSWTFGGGTKLEIK,EVQLVESGGGLVQPKGSLKLSCAASGFKFNMYAMNWVRQAPGKGLEWVARIRTKIYNSATYYADSVKDRFTISRDDSESMLYLKMNSLKTEDTAVYYCVSPSLSGAMDHWGRGTSVTVSS,3.4
S1H10,NIMMTQSPSCLTVSAGEKVTMSCKSSRSVLYSLSQKNYMAWYQQKPGQSPKLLIYWASSRDSGVPDRFTGSGSGTDFNLTITSVQTEDLAVYYCHQFLSSWTFGGGTKLEIK,EVQLVESGGGLVQPKGSLKLSCASSGFRFNNYAMNWVRQAPGKGLEWVARIRTKGYNYATYYADSVRGRFTISRDDSESMLYLQMNTLKTEDTAMYYCVSPSLSGAMDYWGQGTSVIVSS,5.8
S1H8,NIMMTQSPSCLTVSAGEKVTMSCKSSRSVLYSLSQKNYMAWYQQKPGQSPKLLIYWASSRDSGVPDRFTGSGSGTDFNLTITSVQTEDLAVYYCHQFLSSWTFGGGTKLEIK,EVQLVESGGGLVQPKGSLKLSCASSGFRFNNYAMNWVRQAPGKGLEWVARIRTKNYNYATYYADSVRGRFTISRDDSESMLYLQMNTLKTEDTAMYYCVSPSLSGAMDYWGQGTSVIVSS,6.8
S1H7,NIMMTQSPSCLTVSAGEKVTMSCKSSRSVLYSLSQKNYMAWYQQKPGQSPKLLIYWASSRDSGVPDRFTGSGSGTDFNLTITSVQTEDLAVYYCHQFLSSWTFGGGTKLEIK,EVQLVESGGGLVQPKGSLKLSCASSGFRFNNYAMNWVRQAPGKGLEWVARIRTKSYNYATYYADSVRGRFTISRDDSESMLYLQMNTLKTEDTAMYYCVSPSLSGAMDYWGQGTSVIVSS,7.8
S1H9,NIMMTQSPSCLTVSAGEKVTMSCKSSRSVLYSLSQKNYMAWYQQKPGQSPKLLIYWASSRDSGVPDRFTGSGSGTDFNLTITSVQTEDLAVYYCHQFLSSWTFGGGTKLEIK,EVQLVESGGGLVQPKGSLKLSCAASGFRFSTYAMNWVRQAPGKGLEWIARIRTKGYNYATYYADSVRGRFTISRDDSESMLYLQMNTLKIEDTAMYYCVSPSLSGAMDYWGQGTSVTVSS,20
S1H4,NIMMTQSPSCLTVSAGEKVTMSCKSSRSVLYSLSQKNYMAWYQQKPGQSPKLLIYWASSRDSGVPDRFTGSGSGTDFNLTITSVQTEDLAVYYCHQFLSSWTFGGGTKLEIK,EVQLVESGGGLVQPKGSLKLSCAASGFSFNTYAMNWVRQAPGKGLEWVARIRTKSNNYAAYYADSVKDRFTISRDDSESMLYLQMNSLKTEDTAMYFCVSPSLSGAMDHWGQGTSVTVSS,83
S1H3,NIMMTQSPSCLTVSAGEKVTMSCKSSRSVLYSLSQKNYMAWYQQKPGQSPKLLIYWASSRDSGVPDRFTGSGSGTDFNLTITSVQTEDLAVYYCHQFLSSWTFGGGTKLEIK,EVQLVESGGGLVQPKGSLKLSCAASGFSFSTYAMNWVRQAPGKGLEWVARIRTKSNNYATYYADSVKDRFTISRDDSESMLYLQMNSLKTEDTAlYYCVSPSLSGAMDHWGQGTSVTVSS,91
S1H2,NIMMTQSPSCLTVSAGEKVTMSCKSSRSVLYSLSQKNYMAWYQQKPGQSPKLLIYWASSRDSGVPDRFTGSGSGTDFNLTITSVQTEDLAVYYCHQFLSSWTFGGGTKLEIK,EVQLVESGGGLVQPKGSLKLSCAASGFSFNTYAMDWVRQAPGKGLEWVARIRTKSNNYATYYADSVKDRFTISRDDSESMLYLQMNTLKTEDTAMYYCVSPSLSGAMDYWGQGTSVTVSS,115
S1H1,NIMMTQSPSCLTVSAGEKVTMSCKSSRSVLYSLSQKNYMAWYQQKPGQSPKLLIYWASSRDSGVPDRFTGSGSGTDFNLTITSVQTEDLAVYYCHQFLSSWTFGGGTKLEIK,EVQLVESGGGLVQPKGSLKLSCAASGFSFNTYAMNWVRQAPGKGLEWVARIRIKSNNYATYYADSVKDRFTISRDDSENMLYLQMNNLKTEDTAMYYCVSPSLSGAMDYWGQGTSVTVSS,83
S1L3,NIMMTQSPSSLAVSAGEKVTMNCKSSRSVLYSSNQKHFLAWYQQKPGQSPKLLIYWASSRESGVPDRFTGSGSGTDFSLTISSVQAEDLAVYYCHQYLSSWTFGGGTKLEIK,EVQLVESGGGLVRPKGSLKLSCAASGFrFNLYAMNWVRQAPGKGLEWVARIRTKGYNYATYYADSVRGRFTISRDDSESMLYLQMSTLKSEDTAMYYCVSPSLSGAMDYWGQGTSVTVSS,7.4
S1L5,NIMMTQSPSSLAVSAGEKVTMSCKSSRSVLYRSSQKNYLAWYQQKPGQSPKLLIYWASSRESGVPDRFTGSGSGTDFSLTISSVQLEDLAVYYCHQYLSSWTFGGGTKLEIK,EVQLVESGGGLVRPKGSLKLSCAASGFrFNLYAMNWVRQAPGKGLEWVARIRTKGYNYATYYADSVRGRFTISRDDSESMLYLQMSTLKSEDTAMYYCVSPSLSGAMDYWGQGTSVTVSS,7.9
S1L4,NIMMTQSPSSLAVSAGEKVTMSCKSSRSVLYSSNQKHYLAWYQQKPGQSPKLLIYWASSRESGVPDRFTGSGSGTDFSLTISSVQLEDLAVYYCHQYLSSWTFGGGTKLEIK,EVQLVESGGGLVRPKGSLKLSCAASGFrFNLYAMNWVRQAPGKGLEWVARIRTKGYNYATYYADSVRGRFTISRDDSESMLYLQMSTLKSEDTAMYYCVSPSLSGAMDYWGQGTSVTVSS,8.3
S1L1,NIMMTQSPSCLAVSAGERVTMSCKSSRSVLYSLNQKNYMAWYQQKPGQSPKLLIYWASSRESGVPDRFTGSGSGTDFTLTISSVQAEDLAVYYCHQYLSSWTFGGGTKLEIK,EVQLVESGGGLVRPKGSLKLSCAASGFrFNLYAMNWVRQAPGKGLEWVARIRTKGYNYATYYADSVRGRFTISRDDSESMLYLQMSTLKSEDTAMYYCVSPSLSGAMDYWGQGTSVTVSS,8.8
S1L2,NIMMTQSPSSLAVSAGEEVTMSCKSSRSVLHSSSQKNYLAWYQQKPGQSPKLLIYWASSRESGVPDRFTGSGSGTDFSLTISSVQAEDLAVYYCHQYLSSWTFGGGTKLEIK,EVQLVESGGGLVRPKGSLKLSCAASGFrFNLYAMNWVRQAPGKGLEWVARIRTKGYNYATYYADSVRGRFTISRDDSESMLYLQMSTLKSEDTAMYYCVSPSLSGAMDYWGQGTSVTVSS,12
